상품군별,범위별,2017. 01,2017. 02,2017. 03,2017. 04,2017. 05,2017. 06,2017. 07,2017. 08,2017. 09,2017. 10,2017. 11,2017. 12,2018. 01,2018. 02,2018. 03,2018. 04,2018. 05,2018. 06,2018. 07,2018. 08,2018. 09,2018. 10,2018. 11,2018. 12,2019. 01,2019. 02,2019. 03,2019. 04,2019. 05,2019. 06,2019. 07,2019. 08,2019. 09,2019. 10,2019. 11,2019. 12,2020. 01,2020. 02,2020. 03,2020. 04,2020. 05,2020. 06,2020. 07,2020. 08,2020. 09,2020. 10,2020. 11,2020. 12,2021. 01 p),2021. 02 p)
합계,계,"7,310,479","7,148,849","7,747,011","7,380,795","7,621,719","7,515,130","7,898,554","7,859,658","8,151,143","7,661,802","8,996,978","8,893,647","9,027,008","8,207,296","9,375,766","9,034,274","9,363,224","8,965,075","9,653,420","9,270,381","9,137,279","10,016,442","10,574,144","10,689,701","10,811,796","9,666,871","11,296,239","10,763,785","11,374,817","10,725,166","11,302,975","11,418,155","11,397,646","12,008,033","12,991,605","12,843,750","12,308,866","11,945,935","12,575,341","12,053,828","12,748,344","12,678,358","12,966,841","13,496,390","13,857,627","13,884,207","15,031,417","15,891,202","15,077,081","13,762,802"
,종합몰,"4,801,433","4,767,941","5,180,939","4,921,316","5,107,846","5,067,345","5,280,825","5,181,631","5,395,788","5,086,882","6,160,799","5,997,893","5,934,657","5,468,657","6,269,973","6,039,799","6,268,453","6,011,523","6,494,362","6,107,050","6,108,059","6,754,249","7,150,467","7,124,412","7,106,249","6,290,286","7,557,079","7,070,866","7,539,785","6,955,232","7,256,194","7,297,655","7,453,120","7,847,984","8,459,948","8,266,692","8,070,125","8,299,167","8,803,929","8,338,425","8,767,439","8,584,325","8,773,226","9,122,111","9,447,312","9,367,157","10,137,239","10,600,147","10,159,846","9,078,761"
,전문몰,"2,509,046","2,380,908","2,566,072","2,459,479","2,513,873","2,447,785","2,617,729","2,678,027","2,755,355","2,574,920","2,836,179","2,895,754","3,092,351","2,738,639","3,105,793","2,994,475","3,094,771","2,953,552","3,159,058","3,163,331","3,029,220","3,262,193","3,423,677","3,565,289","3,705,547","3,376,585","3,739,160","3,692,919","3,835,032","3,769,934","4,046,781","4,120,500","3,944,526","4,160,049","4,531,657","4,577,058","4,238,741","3,646,768","3,771,412","3,715,403","3,980,905","4,094,033","4,193,615","4,374,279","4,410,315","4,517,050","4,894,178","5,291,055","4,917,235","4,684,041"
컴퓨터 및 주변기기,계,"422,384","475,342","473,351","368,280","350,923","376,719","380,974","416,393","399,512","353,524","460,739","475,478","511,674","453,408","504,061","409,054","404,235","371,844","404,250","418,905","382,179","419,744","468,166","501,362","561,512","542,469","532,496","469,169","440,108","389,195","443,122","447,965","435,676","445,118","528,007","554,877","540,234","608,666","681,731","634,777","583,994","525,958","600,372","579,298","606,888","551,700","649,088","786,829","793,355","784,666"
,종합몰,"285,375","321,703","322,518","242,177","226,826","250,945","246,949","269,731","258,082","229,332","304,579","311,712","354,076","322,160","346,880","278,377","276,853","256,035","281,841","288,936","267,238","281,410","328,515","340,479","380,611","383,596","376,898","317,643","306,740","257,071","300,839","300,061","297,571","298,319","371,262","373,240","374,849","433,264","468,274","441,967","373,926","330,501","370,811","385,090","415,097","352,513","430,919","494,315","498,486","500,626"
,전문몰,"137,009","153,639","150,833","126,103","124,097","125,774","134,025","146,662","141,430","124,192","156,160","163,766","157,598","131,248","157,181","130,677","127,382","115,809","122,409","129,969","114,941","138,334","139,651","160,883","180,901","158,873","155,598","151,526","133,368","132,124","142,283","147,904","138,105","146,799","156,745","181,637","165,385","175,402","213,457","192,810","210,068","195,457","229,561","194,208","191,791","199,187","218,169","292,514","294,869","284,040"
가전·전자·통신기기,계,"602,122","626,874","667,726","716,708","861,618","752,474","926,867","758,482","706,658","728,407","948,510","815,267","858,256","770,401","946,627","945,259","1,026,133","963,674","1,188,194","960,593","792,407","989,521","1,182,355","1,043,945","1,063,081","982,059","1,324,884","1,134,227","1,296,165","1,177,804","1,230,419","1,198,465","1,096,363","1,200,192","1,357,353","1,213,392","1,133,998","1,334,641","1,408,598","1,334,302","1,548,029","1,518,651","1,390,898","1,637,033","1,416,798","1,612,744","1,929,767","1,872,713","1,871,490","1,647,492"
,종합몰,"542,475","566,014","597,969","633,963","781,707","683,616","843,851","687,755","623,981","664,648","834,432","740,659","770,198","691,681","839,705","855,166","931,725","875,827","1,088,967","852,645","712,763","883,715","1,005,001","902,122","937,497","873,576","1,162,672","989,535","1,155,073","1,062,829","1,099,415","1,052,009","983,976","1,034,377","1,182,033","1,059,732","990,995","1,154,860","1,221,949","1,174,721","1,396,030","1,363,964","1,239,245","1,449,274","1,237,568","1,389,901","1,587,442","1,591,766","1,571,446","1,389,207"
,전문몰,"59,647","60,860","69,757","82,745","79,911","68,858","83,016","70,727","82,677","63,759","114,078","74,608","88,058","78,720","106,922","90,093","94,408","87,847","99,227","107,948","79,644","105,806","177,354","141,823","125,584","108,483","162,212","144,692","141,092","114,975","131,004","146,456","112,387","165,815","175,320","153,660","143,003","179,781","186,649","159,581","151,999","154,687","151,653","187,759","179,230","222,843","342,325","280,947","300,044","258,285"
서적,계,"151,230","154,330","185,571","122,418","114,380","116,272","143,084","149,989","136,666","113,732","132,523","161,681","171,254","147,783","191,597","144,169","129,125","117,353","148,060","149,224","128,183","131,744","142,405","168,500","173,949","154,317","196,741","147,909","133,322","122,458","156,406","154,251","147,118","133,779","147,454","178,831","171,425","190,534","262,404","205,572","170,009","170,719","187,112","202,952","220,562","170,189","197,066","266,447","258,758","213,450"
,종합몰,"42,088","41,768","48,851","35,641","30,214","32,454","40,865","42,881","38,619","31,409","38,387","50,983","56,287","45,433","54,612","43,305","39,387","36,806","44,441","46,128","39,537","42,101","47,161","57,308","59,577","50,592","62,151","49,798","43,926","39,659","50,451","47,733","47,703","43,095","49,453","62,766","59,848","68,090","91,397","77,205","58,493","58,872","66,077","70,818","77,523","60,430","68,645","97,512","94,005","74,482"
,전문몰,"109,142","112,562","136,720","86,777","84,166","83,818","102,219","107,108","98,047","82,323","94,136","110,698","114,967","102,350","136,985","100,864","89,738","80,547","103,619","103,096","88,646","89,643","95,244","111,192","114,372","103,725","134,590","98,111","89,396","82,799","105,955","106,518","99,415","90,684","98,001","116,065","111,577","122,444","171,007","128,367","111,516","111,847","121,035","132,134","143,039","109,759","128,421","168,935","164,753","138,968"
사무·문구,계,"53,192","60,403","70,006","61,954","57,239","55,970","53,826","57,751","60,475","56,321","67,942","77,865","72,870","71,721","81,900","68,006","63,621","59,557","62,526","62,271","58,392","71,115","76,364","89,744","79,764","71,208","81,741","80,638","72,149","63,607","69,488","69,003","69,440","78,616","85,392","103,299","80,501","90,243","90,968","83,473","83,975","81,865","85,045","75,108","87,363","94,473","102,669","131,754","98,060","93,788"
,종합몰,"32,882","38,316","45,861","40,174","35,960","35,816","33,219","36,470","38,963","35,097","44,638","50,117","45,912","42,456","50,923","44,235","40,848","38,312","42,463","41,620","39,397","48,483","51,752","62,608","56,634","50,845","58,472","57,681","51,853","45,285","48,572","46,365","49,021","57,344","60,964","74,821","57,497","66,760","68,274","62,786","62,660","60,769","62,463","55,280","66,303","70,644","75,460","100,648","75,731","69,432"
,전문몰,"20,310","22,087","24,145","21,780","21,279","20,154","20,607","21,281","21,512","21,224","23,304","27,748","26,958","29,265","30,977","23,771","22,773","21,245","20,063","20,651","18,995","22,632","24,612","27,136","23,130","20,363","23,269","22,957","20,296","18,322","20,916","22,638","20,419","21,272","24,428","28,478","23,004","23,483","22,694","20,687","21,315","21,096","22,582","19,828","21,060","23,829","27,209","31,106","22,329","24,356"
의복,계,"864,515","827,672","1,042,742","972,647","978,235","909,742","887,371","758,225","959,679","1,034,705","1,443,945","1,195,890","964,236","825,152","1,163,132","1,078,268","1,101,406","1,017,864","992,332","828,362","1,003,952","1,350,908","1,482,193","1,390,544","1,107,321","959,743","1,238,235","1,204,083","1,278,281","1,133,621","1,139,671","912,495","1,187,128","1,413,279","1,710,042","1,462,342","1,040,353","949,352","1,173,379","1,162,388","1,343,403","1,323,317","1,105,548","915,563","1,149,298","1,597,835","1,757,900","1,497,038","1,090,386","1,001,316"
,종합몰,"476,916","457,902","569,404","538,627","543,161","511,973","498,479","422,209","519,861","594,676","884,356","728,001","549,847","456,043","656,663","596,395","613,756","570,472","555,383","458,165","539,397","776,226","858,317","828,920","603,970","510,048","668,653","652,322","681,161","590,154","573,727","476,516","609,108","792,626","967,541","821,513","570,724","505,110","625,161","620,128","702,869","689,343","579,326","481,065","609,260","876,501","948,625","800,100","568,331","502,883"
,전문몰,"387,599","369,770","473,338","434,020","435,074","397,769","388,892","336,016","439,818","440,029","559,589","467,889","414,389","369,109","506,469","481,873","487,650","447,392","436,949","370,197","464,555","574,682","623,876","561,624","503,351","449,695","569,582","551,761","597,120","543,467","565,944","435,979","578,020","620,653","742,501","640,829","469,629","444,242","548,218","542,260","640,534","633,974","526,222","434,498","540,038","721,334","809,275","696,938","522,055","498,433"
신발,계,"103,798","118,631","153,293","151,628","160,562","156,160","140,746","118,311","140,246","140,365","175,549","154,928","131,568","124,447","169,117","169,439","172,582","164,251","157,952","125,953","139,473","164,235","188,387","179,236","159,646","156,431","206,810","204,171","217,438","211,418","205,065","162,540","201,008","212,645","251,485","231,875","180,831","191,538","227,270","226,645","284,134","284,285","246,380","202,283","216,332","256,027","292,241","271,437","202,779","214,468"
,종합몰,"73,471","85,212","114,697","114,442","120,470","118,022","106,082","87,884","101,976","102,528","129,733","115,721","89,750","86,339","117,218","118,680","120,019","114,032","106,228","84,681","94,220","113,980","127,756","127,860","97,997","95,192","125,292","128,539","136,863","121,518","118,680","94,949","115,794","125,218","141,043","125,924","104,396","106,358","122,986","122,795","154,669","153,826","132,885","108,082","116,979","145,003","163,055","142,316","100,645","107,381"
,전문몰,"30,327","33,419","38,596","37,186","40,092","38,138","34,664","30,427","38,270","37,837","45,816","39,207","41,818","38,108","51,899","50,759","52,563","50,219","51,724","41,272","45,253","50,255","60,631","51,376","61,649","61,239","81,518","75,632","80,575","89,900","86,385","67,591","85,214","87,427","110,442","105,951","76,435","85,180","104,284","103,850","129,465","130,459","113,495","94,201","99,353","111,024","129,186","129,121","102,134","107,087"
가방,계,"143,643","163,204","168,660","159,399","152,370","149,442","151,719","163,461","165,215","157,007","169,508","180,854","186,542","178,154","194,190","185,469","190,609","176,525","192,018","180,739","176,869","184,737","180,036","201,321","202,289","211,934","230,083","218,640","225,132","210,523","209,939","222,228","228,842","235,527","232,236","245,214","211,105","210,768","220,548","200,043","226,162","241,128","240,048","226,027","223,559","234,801","247,393","248,491","228,206","237,356"
,종합몰,"123,077","139,641","146,182","136,921","133,230","131,069","132,921","142,901","145,063","137,851","149,850","161,003","163,851","154,221","171,868","163,933","171,139","157,383","169,432","159,669","156,186","164,628","159,792","179,429","173,747","180,043","198,163","191,234","197,345","184,055","177,255","191,747","197,228","205,645","200,566","213,427","175,998","171,888","184,733","165,591","190,495","200,043","203,698","190,020","185,476","202,642","211,307","216,049","198,298","198,908"
,전문몰,"20,566","23,563","22,478","22,478","19,140","18,373","18,798","20,560","20,152","19,156","19,658","19,851","22,691","23,933","22,322","21,536","19,470","19,142","22,586","21,070","20,683","20,109","20,244","21,892","28,542","31,891","31,920","27,406","27,787","26,468","32,684","30,481","31,614","29,882","31,670","31,787","35,107","38,880","35,815","34,452","35,667","41,085","36,350","36,007","38,083","32,159","36,086","32,442","29,908","38,448"
패션용품 및 액세서리,계,"143,439","146,885","165,677","165,183","168,702","162,825","170,035","178,204","170,345","161,449","189,580","206,100","195,299","178,379","210,147","196,288","198,073","189,401","209,945","194,350","169,357","182,647","192,160","220,802","191,270","185,262","211,277","213,521","233,789","215,417","231,955","212,401","212,056","206,328","216,318","242,365","201,146","184,087","185,300","170,263","194,764","193,127","208,392","188,105","165,557","168,864","183,729","211,136","177,334","162,887"
,종합몰,"116,467","118,304","136,039","139,550","141,626","135,549","140,384","145,205","141,409","133,956","160,784","172,891","161,089","144,848","175,151","161,918","162,931","153,643","170,155","158,362","140,112","150,855","158,604","183,841","155,038","143,894","165,785","169,331","186,159","168,521","181,438","163,181","167,055","166,009","175,061","195,465","156,664","142,964","137,151","123,282","143,092","141,035","152,763","130,694","120,683","125,989","138,961","159,677","136,748","127,194"
,전문몰,"26,972","28,581","29,638","25,633","27,076","27,276","29,651","32,999","28,936","27,493","28,796","33,209","34,210","33,531","34,996","34,370","35,142","35,758","39,790","35,988","29,245","31,792","33,556","36,961","36,232","41,368","45,492","44,190","47,630","46,896","50,517","49,220","45,001","40,319","41,257","46,900","44,482","41,123","48,149","46,981","51,672","52,092","55,629","57,411","44,874","42,875","44,768","51,459","40,586","35,693"
스포츠·레저용품,계,"201,380","207,110","257,361","283,154","292,971","289,069","292,683","266,351","265,466","274,798","313,019","258,250","230,779","200,710","283,820","298,574","330,784","325,017","360,361","300,229","304,161","389,324","373,871","332,875","275,432","251,940","331,660","361,085","408,724","363,405","391,095","337,705","343,934","406,650","417,226","361,262","287,829","297,815","369,415","439,164","495,367","494,845","511,964","420,777","457,988","563,076","550,189","481,186","392,961","362,752"
,종합몰,"164,725","167,746","208,199","233,756","243,269","239,759","246,000","222,139","218,446","223,605","264,859","216,467","192,335","162,455","233,034","244,705","275,905","272,875","307,137","248,371","252,728","325,114","320,541","284,678","231,644","202,519","267,194","293,787","337,570","301,238","322,307","275,423","279,974","334,157","349,385","300,435","234,244","243,438","310,045","372,743","421,497","421,505","438,056","362,833","394,646","485,700","476,543","416,616","337,015","301,283"
,전문몰,"36,655","39,364","49,162","49,398","49,702","49,310","46,683","44,212","47,020","51,193","48,160","41,783","38,444","38,255","50,786","53,869","54,879","52,142","53,224","51,858","51,433","64,210","53,330","48,197","43,788","49,421","64,466","67,298","71,154","62,167","68,788","62,282","63,960","72,493","67,841","60,827","53,585","54,377","59,370","66,421","73,870","73,340","73,908","57,944","63,342","77,376","73,646","64,570","55,946","61,469"
화장품,계,"654,145","729,228","715,294","583,336","622,853","652,533","619,456","652,563","717,116","677,876","789,224","703,544","770,908","746,376","831,653","802,428","818,526","772,505","778,966","801,984","849,617","894,287","911,566","873,247","901,348","863,072","1,025,719","963,721","990,437","944,962","986,542","1,039,664","1,102,640","1,158,245","1,210,348","1,193,049","1,123,578","1,048,597","980,911","960,350","933,034","982,997","1,004,536","1,081,864","1,074,212","1,031,873","1,134,450","1,074,652","1,080,643","900,562"
,종합몰,"541,252","615,478","609,437","487,074","524,476","536,260","517,882","564,347","619,415","590,519","661,160","598,367","660,882","632,572","709,180","703,238","715,628","678,702","683,067","714,885","755,190","781,848","791,074","763,074","790,729","776,935","927,950","871,762","909,487","859,308","901,160","951,030","1,016,509","1,056,758","1,087,433","1,087,621","1,031,420","953,390","865,026","855,559","837,726","886,469","929,672","1,005,094","980,194","955,558","1,035,038","975,217","1,001,774","824,423"
,전문몰,"112,893","113,750","105,857","96,262","98,377","116,273","101,574","88,216","97,701","87,357","128,064","105,177","110,026","113,804","122,473","99,190","102,898","93,803","95,899","87,099","94,427","112,439","120,492","110,173","110,619","86,137","97,769","91,959","80,950","85,654","85,382","88,634","86,131","101,487","122,915","105,428","92,158","95,207","115,885","104,791","95,308","96,528","74,864","76,770","94,018","76,315","99,412","99,435","78,869","76,139"
아동·유아용품,계,"259,790","262,204","300,200","293,596","274,565","259,069","264,579","263,530","272,277","260,541","299,591","377,236","295,195","268,618","298,883","320,420","310,798","271,934","287,390","275,805","273,741","308,862","310,073","393,574","313,678","286,419","337,553","354,227","347,942","303,935","318,267","308,960","325,269","349,396","361,415","442,747","340,776","395,489","417,960","411,887","414,630","379,612","384,059","377,351","394,561","396,121","409,473","533,733","411,540","379,590"
,종합몰,"239,304","237,116","273,482","263,196","251,146","232,732","241,335","238,365","246,577","236,837","270,151","336,263","260,995","241,759","266,976","285,541","275,750","242,982","260,921","248,708","245,866","275,656","275,256","347,909","281,383","255,640","306,546","316,923","314,303","271,866","281,864","275,101","291,344","313,271","324,495","394,924","308,818","361,447","382,739","369,739","377,087","337,820","344,193","339,013","352,954","359,639","366,752","479,961","374,111","343,069"
,전문몰,"20,486","25,088","26,718","30,400","23,419","26,337","23,244","25,165","25,700","23,704","29,440","40,973","34,200","26,859","31,907","34,879","35,048","28,952","26,469","27,097","27,875","33,206","34,817","45,665","32,295","30,779","31,007","37,304","33,639","32,069","36,403","33,859","33,925","36,125","36,920","47,823","31,958","34,042","35,221","42,148","37,543","41,792","39,866","38,338","41,607","36,482","42,721","53,772","37,429","36,521"
음·식료품,계,"675,851","573,082","641,671","652,914","633,354","641,593","638,176","692,641","827,851","608,615","701,590","709,684","846,822","814,658","826,873","810,015","849,044","811,245","866,906","905,132","1,000,055","910,407","927,668","925,608","1,193,353","867,434","1,027,271","1,058,853","1,111,609","1,040,151","1,092,958","1,215,522","1,233,759","1,190,483","1,198,157","1,217,181","1,417,289","1,482,929","1,640,869","1,523,528","1,479,481","1,444,421","1,590,820","1,641,205","2,032,830","1,649,211","1,763,205","2,013,597","2,178,995","1,914,107"
,종합몰,"548,272","459,748","512,756","525,220","509,764","516,503","516,393","559,000","686,780","489,116","578,513","582,704","690,539","663,266","655,642","648,922","682,086","658,740","701,912","742,191","823,791","744,120","751,072","749,143","992,377","711,906","844,768","873,534","915,404","842,440","892,006","993,192","1,014,429","990,406","998,096","1,005,565","1,218,414","1,266,660","1,410,921","1,300,197","1,264,964","1,220,824","1,334,316","1,410,663","1,741,767","1,418,184","1,513,061","1,727,614","1,857,898","1,610,130"
,전문몰,"127,579","113,334","128,915","127,694","123,590","125,090","121,783","133,641","141,071","119,499","123,077","126,980","156,283","151,392","171,231","161,093","166,958","152,505","164,994","162,941","176,264","166,287","176,596","176,465","200,976","155,528","182,503","185,319","196,205","197,711","200,952","222,330","219,330","200,077","200,061","211,616","198,875","216,269","229,948","223,331","214,517","223,597","256,504","230,542","291,063","231,027","250,144","285,983","321,097","303,977"
농축수산물,계,"259,029","167,546","194,150","176,139","175,762","180,848","182,683","194,090","288,964","174,780","208,744","221,852","251,910","289,778","228,800","215,400","221,735","214,272","224,230","235,082","310,020","238,060","256,669","254,558","413,272","231,118","278,404","286,290","285,288","269,840","282,677","321,530","374,542","313,056","325,846","341,186","489,675","463,071","527,136","479,364","433,631","434,082","480,415","509,825","733,033","494,660","517,277","650,936","750,949","649,407"
,종합몰,"219,055","144,476","168,778","149,718","148,558","154,118","156,967","165,669","243,766","149,586","176,279","180,356","220,796","244,150","198,231","185,975","190,454","183,720","194,743","203,711","267,997","208,817","220,090","216,101","339,978","191,677","226,657","230,675","227,505","217,797","228,589","263,288","307,940","255,042","262,344","268,793","389,363","398,415","445,000","393,611","350,167","347,886","390,508","423,451","608,152","412,127","425,846","544,293","633,263","536,142"
,전문몰,"39,974","23,070","25,372","26,421","27,204","26,730","25,716","28,421","45,198","25,194","32,465","41,496","31,114","45,628","30,569","29,425","31,281","30,552","29,487","31,371","42,023","29,243","36,579","38,457","73,294","39,441","51,747","55,615","57,783","52,043","54,088","58,242","66,602","58,014","63,502","72,393","100,312","64,656","82,136","85,753","83,464","86,196","89,907","86,374","124,881","82,533","91,431","106,643","117,686","113,265"
생활용품,계,"592,310","607,119","619,493","575,323","600,558","597,243","613,589","631,622","653,743","602,048","708,613","681,900","710,430","636,039","739,338","709,864","715,962","687,897","740,180","714,937","691,804","788,705","799,848","787,821","831,769","735,651","869,192","821,882","862,291","812,251","845,351","874,832","859,634","907,585","932,759","927,285","970,074","1,157,257","1,265,442","1,108,836","1,179,159","1,195,846","1,227,598","1,283,724","1,252,806","1,203,768","1,250,633","1,410,050","1,303,510","1,160,912"
,종합몰,"494,081","514,838","518,912","481,074","506,948","507,165","527,744","540,396","544,821","513,374","605,478","581,158","604,734","538,524","627,714","608,103","617,229","596,753","645,162","625,276","600,745","683,002","698,959","687,968","725,810","644,015","759,621","715,775","759,846","715,873","743,468","768,060","748,147","800,059","823,204","817,291","861,469","1,046,752","1,141,286","984,393","1,050,589","1,064,119","1,111,707","1,168,185","1,121,145","1,087,011","1,120,240","1,275,064","1,181,158","1,047,716"
,전문몰,"98,229","92,281","100,581","94,249","93,610","90,078","85,845","91,226","108,922","88,674","103,135","100,742","105,696","97,515","111,624","101,761","98,733","91,144","95,018","89,661","91,059","105,703","100,889","99,853","105,959","91,636","109,571","106,107","102,445","96,378","101,883","106,772","111,487","107,526","109,555","109,994","108,605","110,505","124,156","124,443","128,570","131,727","115,891","115,539","131,661","116,757","130,393","134,986","122,352","113,196"
자동차 및 자동차용품,계,"80,144","76,677","81,297","80,513","87,211","88,191","94,244","92,700","86,998","80,475","89,567","85,223","77,220","65,502","83,898","82,601","84,011","81,252","91,030","84,879","78,457","88,244","98,099","94,668","96,468","79,857","106,893","97,417","106,336","98,707","97,304","112,212","169,793","106,702","159,418","115,796","114,215","161,620","212,138","133,993","143,859","261,466","158,878","203,186","218,132","153,457","217,731","205,792","155,503","154,781"
,종합몰,"72,567","69,152","72,947","72,551","78,183","79,270","83,033","83,371","78,284","72,515","79,295","74,570","71,246","59,965","76,393","76,447","77,780","74,326","83,758","77,524","71,232","81,228","85,205","85,107","89,706","72,979","94,899","90,522","95,477","88,243","88,350","90,930","150,954","94,622","97,218","96,634","91,948","109,912","123,775","121,979","133,705","137,202","146,862","136,197","140,807","131,934","182,332","186,677","144,807","124,374"
,전문몰,"7,577","7,525","8,350","7,962","9,028","8,921","11,211","9,329","8,714","7,960","10,272","10,653","5,974","5,537","7,505","6,154","6,231","6,926","7,272","7,355","7,225","7,016","12,894","9,561","6,762","6,878","11,994","6,895","10,859","10,464","8,954","21,282","18,839","12,080","62,200","19,162","22,267","51,708","88,363","12,014","10,154","124,264","12,016","66,989","77,325","21,523","35,399","19,115","10,696","30,407"
가구,계,"188,602","219,176","240,688","206,024","201,440","203,584","211,657","226,983","227,801","223,084","242,170","220,685","251,892","241,563","277,056","260,782","254,665","243,327","247,840","244,396","242,257","296,675","295,741","280,075","284,702","273,700","309,508","288,266","289,865","274,041","266,896","279,352","291,520","324,803","329,462","323,767","300,510","368,120","439,763","409,455","407,121","404,547","390,038","414,350","452,577","456,300","453,800","497,857","487,323","447,056"
,종합몰,"156,532","182,747","199,984","171,914","171,363","172,701","181,401","194,140","192,992","191,989","208,410","189,116","217,595","208,862","239,571","227,028","223,364","213,403","219,507","215,555","214,698","259,024","258,019","240,453","240,032","237,189","269,567","249,753","251,021","233,412","226,970","241,237","255,817","283,872","287,279","280,163","261,523","323,582","389,896","358,532","356,709","351,328","338,203","363,332","395,422","400,401","398,406","436,351","424,059","390,074"
,전문몰,"32,070","36,429","40,704","34,110","30,077","30,883","30,256","32,843","34,809","31,095","33,760","31,569","34,297","32,701","37,485","33,754","31,301","29,924","28,333","28,841","27,559","37,651","37,722","39,622","44,670","36,511","39,941","38,513","38,844","40,629","39,926","38,115","35,703","40,931","42,183","43,604","38,987","44,538","49,867","50,923","50,412","53,219","51,835","51,018","57,155","55,899","55,394","61,506","63,264","56,982"
애완용품,계,"53,096","62,005","65,265","59,383","56,112","56,092","58,500","60,590","66,077","64,491","72,675","62,280","72,178","60,944","68,634","70,338","69,233","75,126","75,847","71,481","66,227","69,666","68,301","68,077","72,818","65,332","73,144","75,924","77,463","77,825","77,944","77,351","82,670","88,768","86,415","87,025","85,140","85,799","91,554","90,923","91,046","88,564","96,855","93,103","96,358","100,676","100,832","108,765","104,820","93,218"
,종합몰,"38,440","48,363","50,879","45,178","41,468","41,433","43,816","46,175","51,449","50,183","57,898","48,008","57,236","47,728","54,690","56,127","55,227","61,497","62,196","58,059","54,144","55,620","55,778","55,407","59,833","51,946","59,227","61,405","63,024","64,891","64,592","63,553","66,647","72,501","71,480","71,368","72,706","74,058","78,634","78,288","79,516","76,963","84,941","81,577","84,020","87,147","88,140","94,824","92,403","81,752"
,전문몰,"14,656","13,642","14,386","14,205","14,644","14,659","14,684","14,415","14,628","14,308","14,777","14,272","14,942","13,216","13,944","14,211","14,006","13,629","13,651","13,422","12,083","14,046","12,523","12,670","12,985","13,386","13,917","14,519","14,439","12,934","13,352","13,798","16,023","16,267","14,935","15,657","12,434","11,741","12,920","12,635","11,530","11,601","11,914","11,526","12,338","13,529","12,692","13,941","12,417","11,466"
여행 및 교통서비스,계,"1,215,463","1,110,440","1,072,596","1,134,841","1,181,895","1,210,908","1,379,402","1,406,339","1,222,948","1,207,513","1,157,662","1,278,343","1,491,434","1,246,049","1,264,187","1,320,458","1,429,210","1,413,924","1,568,131","1,560,063","1,265,599","1,329,206","1,296,434","1,396,719","1,538,638","1,417,432","1,379,761","1,395,058","1,489,894","1,483,712","1,651,491","1,692,768","1,370,146","1,486,653","1,497,585","1,619,104","1,566,484","707,906","327,756","442,282","565,043","607,339","805,709","796,217","554,628","690,384","696,532","474,443","498,739","575,939"
,종합몰,"321,684","272,058","241,165","281,224","291,793","327,154","381,031","366,389","279,835","277,425","270,651","323,468","345,332","285,742","268,504","313,299","342,957","372,593","431,726","415,017","313,755","322,039","306,125","330,109","368,456","337,784","322,386","321,195","351,780","363,143","408,124","370,650","285,209","298,475","312,162","322,908","313,068","118,380","63,147","58,490","82,463","82,633","116,723","125,288","66,023","99,537","107,605","55,414","60,781","81,454"
,전문몰,"893,779","838,382","831,431","853,617","890,102","883,754","998,371","1,039,950","943,113","930,088","887,011","954,875","1,146,102","960,307","995,683","1,007,159","1,086,253","1,041,331","1,136,405","1,145,046","951,844","1,007,167","990,309","1,066,610","1,170,182","1,079,648","1,057,375","1,073,863","1,138,114","1,120,569","1,243,367","1,322,118","1,084,937","1,188,178","1,185,423","1,296,196","1,253,416","589,526","264,609","383,792","482,580","524,706","688,986","670,929","488,605","590,847","588,927","419,029","437,958","494,485"
문화 및 레저서비스,계,"164,254","123,892","138,133","119,599","133,785","144,311","151,647","184,883","127,031","179,505","145,082","207,050","182,387","151,838","171,416","164,965","153,740","169,621","164,228","213,527","183,281","186,480","187,011","196,749","167,713","182,936","176,085","200,034","204,178","248,326","215,929","220,069","166,651","206,700","206,813","184,605","163,257","65,598","37,504","47,288","75,411","71,150","100,756","81,853","62,151","102,261","71,956","13,390","34,316","76,700"
,종합몰,"85,512","74,093","90,719","76,449","65,767","89,547","80,678","84,701","77,623","98,821","106,177","123,824","104,882","90,887","115,633","79,720","72,724","92,827","73,594","83,447","93,017","112,789","112,801","104,796","81,403","68,241","82,529","86,424","82,340","98,212","74,563","80,794","74,911","97,841","95,627","84,016","78,880","29,168","12,779","19,782","39,790","25,839","49,662","22,487","18,647","47,627","43,233","9,187","21,001","45,995"
,전문몰,"78,742","49,799","47,414","43,150","68,018","54,764","70,969","100,182","49,408","80,684","38,905","83,226","77,505","60,951","55,783","85,245","81,016","76,794","90,634","130,080","90,264","73,691","74,210","91,953","86,310","114,695","93,556","113,610","121,838","150,114","141,366","139,275","91,740","108,859","111,186","100,589","84,377","36,430","24,725","27,506","35,621","45,311","51,094","59,366","43,504","54,634","28,723","4,203","13,315","30,705"
e쿠폰서비스,계,"88,648","80,796","90,149","84,933","98,613","95,019","91,627","100,868","100,399","96,038","124,328","150,210","105,594","129,231","139,594","133,138","169,050","165,691","171,906","180,791","203,876","202,733","239,185","267,753","240,122","234,109","257,544","226,798","275,980","259,856","282,476","309,178","276,810","302,371","369,420","345,362","311,692","329,168","353,174","338,952","344,708","314,304","336,553","350,128","401,636","356,650","398,516","430,739","440,480","386,727"
,종합몰,"84,442","77,196","86,439","81,337","94,049","91,796","88,163","96,970","95,652","91,829","118,643","142,817","100,692","123,477","134,838","128,762","163,745","161,475","167,406","175,036","197,932","198,137","233,031","258,509","230,335","225,435","248,306","217,302","265,080","250,897","271,501","298,900","265,898","291,401","356,733","328,055","299,243","318,870","341,093","322,779","330,279","303,951","321,696","339,798","387,165","345,787","387,388","411,976","427,533","367,743"
,전문몰,"4,206","3,600","3,710","3,596","4,564","3,223","3,464","3,898","4,747","4,209","5,685","7,393","4,902","5,754","4,756","4,376","5,305","4,216","4,500","5,755","5,944","4,596","6,154","9,244","9,787","8,674","9,238","9,496","10,900","8,959","10,975","10,278","10,912","10,970","12,687","17,307","12,449","10,298","12,081","16,173","14,429","10,353","14,857","10,330","14,471","10,863","11,128","18,763","12,947","18,984"
음식서비스,계,"183,355","173,924","192,095","196,543","210,565","195,630","224,624","253,760","239,118","242,774","280,640","339,540","347,457","324,245","361,763","365,956","389,395","413,053","456,927","496,930","463,750","502,456","510,496","630,349","621,909","614,963","694,509","686,320","742,382","774,478","828,915","917,005","854,892","913,722","1,026,981","1,059,286","1,063,760","1,135,266","1,252,396","1,263,087","1,320,737","1,253,393","1,378,555","1,676,636","1,603,571","1,546,299","1,642,587","2,197,328","2,031,039","1,868,490"
,종합몰,"6,624","5,015","5,406","6,973","5,303","5,432","5,543","6,427","5,664","6,200","5,420","4,669","3,120","2,764","4,286","3,706","4,092","4,465","5,161","5,994","5,925","6,721","7,167","9,246","8,860","7,796","8,882","8,139","8,711","9,207","9,432","8,617","8,490","10,288","11,339","13,650","14,676","17,340","20,297","19,874","20,150","19,877","21,120","25,959","24,571","23,909","24,046","30,535","27,360","24,010"
,전문몰,"176,731","168,909","186,689","189,570","205,262","190,198","219,081","247,333","233,454","236,574","275,220","334,871","344,337","321,481","357,477","362,250","385,303","408,588","451,766","490,936","457,825","495,735","503,329","621,103","613,049","607,167","685,627","678,181","733,671","765,271","819,483","908,388","846,402","903,434","1,015,642","1,045,636","1,049,084","1,117,926","1,232,099","1,243,213","1,300,587","1,233,516","1,357,435","1,650,677","1,579,000","1,522,390","1,618,541","2,166,793","2,003,679","1,844,480"
기타서비스,계,"65,597","40,733","35,946","53,217","43,491","41,104","52,019","52,619","124,287","52,464","56,711","56,692","73,143","57,680","61,834","62,168","58,382","59,336","62,419","62,096","133,184","75,523","75,220","78,190","97,802","77,885","78,986","79,595","90,207","87,966","96,756","129,122","174,802","121,149","134,574","180,256","172,868","162,296","79,472","130,129","103,855","110,438","118,507","167,849","146,429","165,296","133,133","145,447","168,967","166,790"
,종합몰,"21,586","16,766","14,624","30,009","24,092","22,681","27,804","31,859","27,433","24,566","27,620","26,217","28,555","30,599","32,855","38,469","34,617","35,901","37,125","37,691","39,880","37,761","41,534","42,152","32,210","32,223","37,837","35,284","47,920","46,462","57,391","86,447","67,136","71,022","80,985","114,148","110,578","116,932","43,739","94,240","64,994","66,095","75,477","126,864","75,548","70,569","87,759","82,339","116,548","133,971"
,전문몰,"44,011","23,967","21,322","23,208","19,399","18,423","24,215","20,760","96,854","27,898","29,091","30,475","44,588","27,081","28,979","23,699","23,765","23,435","25,294","24,405","93,304","37,762","33,686","36,038","65,592","45,662","41,149","44,311","42,287","41,504","39,365","42,675","107,666","50,127","53,589","66,108","62,290","45,364","35,733","35,889","38,861","44,343","43,030","40,985","70,881","94,727","45,374","63,108","52,419","32,819"
기타,계,"144,492","141,578","175,648","163,064","164,517","180,332","169,045","179,305","192,273","171,293","219,066","273,094","227,959","224,621","277,245","221,213","222,905","200,405","201,779","202,654","220,440","241,164","311,896","313,984","223,939","221,598","327,742","195,957","195,838","161,668","182,308","203,535","192,953","206,265","206,900","213,645","342,127","325,178","329,653","257,130","326,793","296,303","317,804","371,952","290,359","287,544","331,250","367,440","316,932","270,349"
,종합몰,"114,606","114,289","145,691","134,148","138,473","151,350","140,285","146,647","159,097","140,820","183,486","238,802","184,708","192,726","239,406","177,748","180,237","158,754","162,037","165,379","182,309","200,975","256,917","267,193","168,422","186,215","282,624","142,303","151,197","123,151","135,500","157,872","152,259","155,636","154,245","154,233","292,804","271,529","255,627","199,744","275,569","243,461","262,822","321,047","227,362","218,404","256,436","271,696","216,445","196,512"
,전문몰,"29,886","27,289","29,957","28,916","26,044","28,982","28,760","32,658","33,176","30,473","35,580","34,292","43,251","31,895","37,839","43,465","42,668","41,651","39,742","37,275","38,131","40,189","54,979","46,791","55,517","35,383","45,118","53,654","44,641","38,517","46,808","45,663","40,694","50,629","52,655","59,412","49,323","53,649","74,026","57,386","51,224","52,842","54,982","50,905","62,997","69,140","74,814","95,744","100,487","73,837"
